,product0,product1,product2,product3,product4,product5,product6,product7,count,mean,min,max,sum
0,49770.12000000003,80356.08000000009,43024.600000000006,27049.839999999986,72642.62,63104.97000000001,39333.11999999999,1447.0800000000002,678.0,555.6466519174043,128.45999999999992,8499.589999999998,376728.43000000005
1,105168.18,138104.88999999993,92521.80999999984,53454.01999999989,155044.58,156664.90999999992,99607.07,3199.7699999999995,1430.0,562.0735874125875,50.66,11222.65,803765.2300000001
2,125195.4799999999,152955.9800000001,126580.12999999976,69627.33999999992,177799.61999999985,173815.4099999997,135772.95000000004,3471.4199999999996,1767.0,546.2469326542162,79.15999999999994,11668.949999999999,965218.33
3,118521.06999999993,162792.76,98034.54999999993,65590.83999999985,183762.0399999998,139334.80999999988,123511.93999999999,4239.359999999999,1618.0,553.6386711990109,50.17999999999998,8834.599999999999,895787.3699999996
4,15623.980000000001,18810.94,12331.29,9620.449999999999,17714.919999999995,10231.13,5307.889999999999,0.0,170.0,527.2976470588235,445.2099999999999,7365.4800000000005,89640.59999999999
5,13358.35,19546.880000000005,9033.310000000001,4865.170000000001,14772.690000000002,15099.599999999997,6427.92,0.0,156.0,532.7174358974358,426.10999999999996,6736.53,83103.92
6,95147.69,143568.93000000008,112851.15999999993,71895.98999999986,175276.34,151458.80999999985,106974.88,2896.7699999999995,1585.0,542.6312744479493,89.71000000000001,10028.800000000001,860070.5699999996
7,14325.860000000004,25382.20999999999,18918.11,8020.69,21435.84,17108.510000000002,9128.95,762.72,199.0,578.3059798994975,167.62999999999997,8321.810000000001,115082.89
